ETH year AD,ETH delta14C,ETH delta14C_sig,QL year AD,QL delta14C,QL delta14C_sig,year,d14c,sig_d14c
950,-21.43697227,2.021976953,1510,8.569519168,2.259959087,950,-21.43697227,2.021976953
951,-20.15707873,1.403805361,1511,6.942194575,2.130961945,951,-20.15707873,1.403805361
952,-21.37632737,2.141836303,1512,9.958668718,2.263071833,952,-21.37632737,2.141836303
953,-22.88983523,2.150759258,1513,10.4652593,2.26420698,953,-22.88983523,2.150759258
954,-21.34984758,1.429857603,1514,9.965786182,2.263087782,954,-21.34984758,1.429857603
955,-21.41709915,2.140396749,1515,8.461740768,2.134177716,955,-21.41709915,2.140396749
956,-19.1846126,2.120810734,1516,9.218817442,2.261414006,956,-19.1846126,2.120810734
957,-19.96354773,1.409162473,1517,11.6122553,2.266777119,957,-19.96354773,1.409162473
958,-17.93531491,2.137849577,1519,6.469287573,2.631128475,958,-17.93531491,2.137849577
959,-21.69737317,2.125311594,1520,8.479508148,2.259757394,959,-21.69737317,2.125311594
960,-20.5107993,1.418096152,1521,10.99704032,2.642965,960,-20.5107993,1.418096152
961,-19.96461309,2.141620409,1522,9.114525395,2.638043699,961,-19.96461309,2.141620409
962,-21.42085355,2.106092085,1523,10.1235543,2.263441302,962,-21.42085355,2.106092085
963,-20.44667144,1.563157917,1524,10.00137425,2.263167526,963,-20.44667144,1.563157917
964,-22.24194366,2.114002807,1525,10.50798626,1.692393196,964,-22.24194366,2.114002807
965,-20.09113299,2.132378189,1526,12.40023532,2.26854279,965,-20.09113299,2.132378189
966,-22.34579411,1.556456483,1527,11.52197273,2.266574818,966,-22.34579411,1.556456483
967,-20.30725877,2.130302118,1528,12.53340888,2.142794467,967,-20.30725877,2.130302118
968,-22.1594192,2.150302311,1529,12.78910242,2.269414147,968,-22.1594192,2.150302311
969,-20.4013441,1.168865992,1530,11.53266547,2.266598777,969,-20.4013441,1.168865992
970,-21.28506258,1.321964568,1531,14.31032387,2.146554899,970,-21.28506258,1.321964568
971,-21.41015039,1.32931827,1532,14.50331819,1.699084556,971,-21.41015039,1.32931827
972,-22.32698527,0.982730584,1533,12.23617464,1.559927191,972,-22.32698527,0.982730584
973,-22.45390444,1.320577925,1534,11.23216179,1.693606041,973,-22.45390444,1.320577925
974,-20.06183182,1.327553124,1535,12.30631543,1.603953179,974,-20.06183182,1.327553124
975,-19.20381426,1.008531011,1536,11.42813431,1.693934255,975,-19.20381426,1.008531011
976,-18.00867907,1.392432692,1537,15.53204876,1.565006365,976,-18.00867907,1.392432692
977,-20.43719266,1.389531712,1538,12.38002832,1.695528482,977,-20.43719266,1.389531712
978,-20.00526388,1.003706983,1539,12.06857439,1.742339951,978,-20.00526388,1.003706983
979,-17.23211643,1.411849899,1540,10.18406422,1.600590569,979,-17.23211643,1.411849899
980,-18.30786514,1.391317645,1541,12.20170432,1.514688126,980,-18.30786514,1.391317645
981,-18.11057694,1.003339038,1542,9.939704268,1.600203391,981,-18.11057694,1.003339038
982,-17.87074195,1.396966495,1543,10.19474282,2.137845217,982,-17.87074195,1.396966495
983,-20.18712375,1.391402024,1544,8.690356443,2.260229854,983,-20.18712375,1.391402024
984,-19.89080246,1.015115426,1545,10.95668273,2.26530814,984,-19.89080246,1.015115426
985,-22.13390069,1.428955821,1546,8.823041996,2.511696855,985,-22.13390069,1.428955821
986,-22.98204046,1.445382944,1547,12.6011992,2.268993102,986,-22.98204046,1.445382944
987,-20.26651885,1.008820978,1548,12.10067028,2.267871538,987,-20.26651885,1.008820978
988,-20.66840865,1.415381944,1549,11.60038878,2.770472869,988,-20.66840865,1.415381944
989,-20.87517673,1.413363883,1550,9.674852568,1.409631939,989,-20.87517673,1.413363883
990,-20.45360608,0.794676719,1551,9.720308271,2.639627346,990,-20.45360608,0.794676719
991,-20.59536777,1.044540326,1552,13.24952267,2.648853476,991,-20.59536777,1.044540326
992,-20.67309282,0.936358116,1553,7.341995131,2.257208504,992,-20.67309282,0.936358116
993,-17.03263293,0.821378725,1554,9.228315651,2.26143529,993,-17.03263293,0.821378725
994,-13.29885945,0.942402949,1555,9.35751536,2.136073417,994,-13.29885945,0.942402949
995,-12.74908785,1.037494878,1556,9.109799608,2.512410804,995,-12.74908785,1.037494878
996,-12.30646437,0.881802138,1557,5.602090848,2.503677557,996,-12.30646437,0.881802138
997,-11.98779443,1.037654116,1558,8.488999399,2.259778662,997,-11.98779443,1.037654116
998,-11.17372677,1.032859979,1559,7.488703281,2.257537241,998,-11.17372677,1.032859979
999,-13.73502692,0.885368353,1560,3.112131174,2.49747823,999,-13.73502692,0.885368353
1000,-14.67683478,1.038893899,1561,6.868900364,2.506831571,1000,-14.67683478,1.038893899
1001,-11.03178499,1.727321155,1562,5.870211184,2.253910594,1001,-11.03178499,1.727321155
1002,-14.40273933,1.17911177,1563,5.122729837,2.25223567,1002,-14.40273933,1.17911177
1003,-14.19513086,1.730228794,1564,5.501715559,2.628599032,1003,-14.19513086,1.730228794
1004,-16.18880933,1.759171203,1565,7.00844294,2.507178994,1004,-16.18880933,1.759171203
1005,-18.04150364,1.180765889,1566,8.140858054,1.597353202,1005,-18.04150364,1.180765889
1006,-18.35512499,1.751726706,1567,3.823932276,1.681198779,1006,-18.35512499,1.751726706
1007,-20.94580537,1.773646602,1568,4.389960248,2.500659679,1007,-20.94580537,1.773646602
1008,-17.20193899,1.203624989,1569,5.644612169,2.253405081,1008,-17.20193899,1.203624989
1009,-18.2026909,1.773616012,1570,6.524864909,2.505975015,1009,-18.2026909,1.773616012
1010,-16.59106259,1.670660235,1571,5.40135029,2.503177767,1010,-16.59106259,1.670660235
1011,-17.21498138,1.152185865,1572,6.2813901,2.254831946,1011,-17.21498138,1.152185865
1012,-16.86099516,1.661684038,1573,7.914749773,2.509435453,1012,-16.86099516,1.661684038
1013,-16.40922527,1.661951589,1574,4.036158209,2.249800927,1013,-16.40922527,1.661951589
1014,-16.11823656,1.150875505,1575,3.914714465,2.249528801,1014,-16.11823656,1.150875505
1015,-18.59616727,1.672749602,1576,1.795935918,2.244781134,1015,-18.59616727,1.672749602
1016,-18.79266791,1.682012557,1577,3.297110251,2.497938778,1016,-18.79266791,1.682012557
1017,-17.64056842,1.153786392,1578,5.175856432,2.252354714,1017,-17.64056842,1.153786392
1018,-16.837631,1.650066373,1579,2.430276853,2.246202537,1018,-16.837631,1.650066373
1019,-16.74108135,1.660630411,1580,3.557543664,2.248728468,1019,-16.74108135,1.660630411
1020,-17.60938414,1.141335466,1581,-0.304280784,2.240075059,1020,-17.60938414,1.141335466
1021,-16.07919422,1.660456894,1582,3.065019455,2.247624841,1021,-16.07919422,1.660456894
1022,-18.19207998,1.663275329,1583,4.067999371,2.124879371,1022,-18.19207998,1.663275329
1023,-14.57243205,1.155698671,1584,0.826963985,2.242609903,1023,-14.57243205,1.155698671
1024,-11.9025704,1.657377739,1585,3.700163978,2.498942273,1024,-11.9025704,1.657377739
1025,-12.4632189,1.663543994,1586,2.455002503,2.246257942,1025,-12.4632189,1.663543994
1026,-14.59231622,1.143921715,1587,1.336030793,2.243750598,1026,-14.59231622,1.143921715
1027,-12.97909982,1.662277967,1588,1.090283668,2.243199939,1027,-12.97909982,1.662277967
1028,-12.5029129,1.669444095,1589,3.714310745,2.249079745,1028,-12.5029129,1.669444095
1029,-13.39712215,1.154922521,1590,4.467823409,2.250768184,1029,-13.39712215,1.154922521
1030,-10.68443814,1.669518195,1591,3.721384203,2.249095595,1030,-10.68443814,1.669518195
1031,-14.43467419,1.621679232,1592,-0.389977602,2.613196872,1031,-14.43467419,1.621679232
1032,-10.28255662,1.619817028,1593,0.484992989,2.117296761,1032,-10.28255662,1.619817028
1033,-11.55778331,1.616418002,1594,2.483261136,2.246321262,1033,-11.55778331,1.616418002
1034,-9.590965496,1.62853784,1595,2.237232459,2.245769972,1034,-9.590965496,1.62853784
1035,-11.0611229,1.618283633,1596,-0.375888484,2.239914603,1035,-11.0611229,1.618283633
1036,-8.022248966,1.612384467,1597,-1.491700266,2.486015934,1036,-8.022248966,1.612384467
1037,-11.06726079,1.622527401,1598,0.502619833,2.241883127,1037,-11.06726079,1.622527401
1038,-11.73487401,1.627261351,1599,-0.987332993,2.238544505,1038,-11.73487401,1.627261351
1039,-11.26857256,1.616749447,1600,0.758801551,1.58565667,1039,-11.26857256,1.616749447
1040,-12.35846255,1.60597339,1601,-1.664063092,1.718698348,1040,-12.35846255,1.60597339
1041,-10.12204476,1.615753413,1602,-1.971196422,2.484822118,1041,-10.12204476,1.615753413
1042,-13.24081008,1.607679695,1603,-4.325479578,2.478960589,1042,-13.24081008,1.607679695
1049,-8.994182992,1.121789124,1604,-6.983300149,1.663098886,1049,-8.994182992,1.121789124
1050,-7.506948835,1.566837584,1605,-5.371471243,1.838600788,1050,-7.506948835,1.566837584
1051,-8.561709263,1.575741014,1606,-4.851923321,1.503130286,1051,-8.561709263,1.575741014
1052,-10.59932971,1.121100176,1607,-4.807121615,2.601649502,1052,-10.59932971,1.121100176
1053,-4.73199234,1.626408003,1608,-3.563958396,1.844029217,1053,-4.73199234,1.626408003
1054,-3.704006967,1.61946841,1609,-3.064150702,2.109785813,1054,-3.704006967,1.61946841
1055,-2.901989196,1.13035737,1610,-2.688251878,2.483036843,1055,-2.901989196,1.13035737
1056,-4.906189484,1.612705901,1611,-6.402359877,1.749233485,1056,-4.906189484,1.612705901
1057,-8.005949161,1.731720998,1612,-1.438923282,2.486147334,1057,-8.005949161,1.731720998
1058,-8.550650393,1.122366177,1613,-5.15768393,2.229199762,1058,-8.550650393,1.122366177
1059,-6.004740458,1.769112864,1614,-1.307570159,2.486474368,1059,-6.004740458,1.769112864
1060,-8.991542812,1.732070073,1615,-4.593213,1.667101791,1060,-8.991542812,1.732070073
1061,-6.933507863,1.123269732,1616,-5.394828158,2.22866838,1061,-6.933507863,1.123269732
1062,-8.612584938,1.761744254,1617,-4.152399083,2.479391512,1062,-8.612584938,1.761744254
1063,-7.509106869,1.74727693,1618,-1.542113965,2.237301375,1063,-7.509106869,1.74727693
1064,-7.538383361,1.122802299,1619,-0.294872202,2.240096141,1064,-7.538383361,1.122802299
1065,-9.960838403,1.745025383,1620,-0.97559157,1.719883595,1065,-9.960838403,1.745025383
1066,-8.872282811,1.734173248,1621,-2.277055885,2.235654549,1066,-8.872282811,1.734173248
1067,-5.530763722,1.134445553,1622,-2.584000631,1.670466809,1067,-5.530763722,1.134445553
1068,-7.854033949,1.733670939,1623,1.961857637,2.619345078,1068,-7.854033949,1.733670939
1069,-8.394175639,1.1272862,1624,-4.003855449,1.735832942,1069,-8.394175639,1.1272862
1070,-9.771533668,1.732241659,1625,-0.70922502,1.518473599,1070,-9.771533668,1.732241659
1071,-7.481618313,1.730208237,1626,-6.34984245,2.473920472,1071,-7.481618313,1.730208237
1072,-8.272854736,1.128413029,1627,-0.391136634,2.48875604,1072,-8.272854736,1.128413029
1073,-10.31451817,1.74503703,1628,-4.609573443,2.478253272,1073,-10.31451817,1.74503703
1074,-12.35846172,1.742050291,1629,-0.321870832,1.633285247,1074,-12.35846172,1.742050291
1075,-9.173195764,1.120437614,1630,-3.982798102,2.479813773,1075,-9.173195764,1.120437614
1076,-9.553825393,1.753161681,1631,-3.359139893,2.481366513,1076,-9.553825393,1.753161681
1077,-8.49211041,1.748446853,1632,-3.603734733,2.480757538,1077,-8.49211041,1.748446853
1078,-10.51672025,1.121772336,1633,-0.245554728,2.489118499,1078,-10.51672025,1.121772336
1079,-9.196269879,1.776173468,1634,-3.34860446,2.481392744,1079,-9.196269879,1.776173468
1080,-13.27158037,1.728115838,1635,1.692433573,1.636576239,1080,-13.27158037,1.728115838
1081,-14.42302151,1.126209709,1636,1.820668551,1.636785751,1081,-14.42302151,1.126209709
1082,-13.02457785,1.749655972,1637,0.640119875,2.740455949,1082,-13.02457785,1.749655972
1083,-13.98587812,1.74463359,1638,-2.589850644,2.234953652,1083,-13.98587812,1.74463359
1084,-13.78569739,1.119553156,1639,1.644204514,1.487174236,1084,-13.78569739,1.119553156
1085,-14.68076461,1.713198866,1640,-2.893185732,1.725534586,1085,-14.68076461,1.713198866
1086,-14.19647138,1.754360794,1641,2.150155797,2.744591489,1086,-14.19647138,1.754360794
1087,-15.56451894,1.113205091,1642,1.530108105,2.244185478,1087,-15.56451894,1.113205091
1088,-15.7685739,1.747962124,1643,3.780346743,2.499141906,1088,-15.7685739,1.747962124
1089,-14.75379878,1.722628921,1644,2.535085795,1.335440543,1089,-14.75379878,1.722628921
1090,-15.43990466,1.12322735,1645,2.164280717,2.245606505,1090,-15.43990466,1.12322735
1091,-15.06474949,1.731652266,1646,2.666961669,2.246732891,1091,-15.06474949,1.731652266
1092,-16.30895095,1.738765671,1647,3.919461274,2.624462677,1092,-16.30895095,1.738765671
1093,-17.35564465,1.103496408,1648,3.298318883,2.248147609,1093,-17.35564465,1.103496408
1094,-14.1107802,1.741413683,1649,4.176517884,1.681789288,1094,-14.1107802,1.741413683
1095,-13.63271935,1.805470084,1650,5.743858294,1.684414261,1095,-13.63271935,1.805470084
1096,-13.10749808,1.208048637,1651,4.933918546,2.502013989,1096,-13.10749808,1.208048637
1097,-12.57217633,1.813635876,1653,4.065670971,2.499852287,1097,-12.57217633,1.813635876
1098,-15.17013878,1.829993416,1654,7.386994382,1.687166176,1098,-15.17013878,1.829993416
1099,-15.07237168,1.180242149,1655,6.325152423,2.129656117,1099,-15.07237168,1.180242149
1100,-13.45099188,1.809646182,1656,4.576385135,2.125955253,1100,-13.45099188,1.809646182
1101,-16.93464627,1.817510897,1657,4.454876047,2.000657042,1101,-16.93464627,1.817510897
1102,-15.63994747,1.195284798,1658,9.346891209,2.513001098,1102,-15.63994747,1.195284798
1103,-15.1580114,1.802790927,1659,6.21406833,2.630461277,1103,-15.1580114,1.802790927
1104,-15.54377898,1.799163384,1660,3.902960917,1.681331136,1104,-15.54377898,1.799163384
1105,-16.1318291,1.206406764,1661,8.980677188,2.512089325,1105,-16.1318291,1.206406764
1106,-19.82060663,1.78646166,1662,7.478098801,2.50834831,1106,-19.82060663,1.78646166
1107,-17.52971856,1.797191187,1663,8.736608326,2.511481659,1107,-17.52971856,1.797191187
1108,-17.04856928,1.211118164,1664,6.357066176,1.428387397,1108,-17.04856928,1.211118164
1109,-17.22108472,1.802344849,1665,6.736517309,1.754551381,1109,-17.22108472,1.802344849
1110,-18.25009526,1.802243715,1666,8.370615729,2.259513393,1110,-18.25009526,1.802243715
1111,-18.654942,1.194568131,1667,10.13310666,2.514958563,1111,-18.654942,1.194568131
1112,-18.03875177,1.791447063,1668,11.89867818,2.645322077,1112,-18.03875177,1.791447063
1113,-19.35391517,1.791218583,1669,11.27259891,2.51779559,1113,-19.35391517,1.791218583
1114,-18.06522732,1.008810839,1670,9.766607381,2.262641471,1114,-18.06522732,1.008810839
1115,-17.89182423,1.28557907,1671,15.37946008,1.748039849,1115,-17.89182423,1.28557907
1116,-17.60346653,1.102859782,1672,10.90568619,2.265193869,1116,-17.60346653,1.102859782
1117,-17.72349419,1.006534449,1673,15.32341675,1.608733638,1117,-17.72349419,1.006534449
1118,-18.46841145,1.267598862,1674,9.089703865,1.821461559,1118,-18.46841145,1.267598862
1119,-17.66481696,1.101861621,1675,11.92363737,2.26747485,1119,-17.66481696,1.101861621
1120,-18.03527848,1.00582343,1676,11.36049106,1.602454563,1120,-18.03527848,1.00582343
1121,-17.30416015,1.281944353,1677,9.854368645,1.556256661,1121,-17.30416015,1.281944353
1122,-19.9377109,1.054774634,1678,8.413254115,2.259608935,1122,-19.9377109,1.054774634
1123,-18.46004075,0.974561025,1680,12.94975209,2.143675562,1123,-18.46004075,0.974561025
1124,-18.11519305,1.219294439,1681,11.94503146,2.267522789,1124,-18.11519305,1.219294439
1125,-20.03108986,0.983416803,1682,12.20057642,2.520106004,1125,-20.03108986,0.983416803
1126,-17.29463767,0.97573068,1683,11.57431035,2.266692093,1126,-17.29463767,0.97573068
1127,-16.86282283,1.230694586,1684,13.2162613,2.270371306,1127,-16.86282283,1.230694586
1128,-16.92232389,0.985986493,1685,13.47212728,3.154089777,1128,-16.92232389,0.985986493
1129,-19.20039126,0.983522904,1686,17.58433533,1.297651289,1129,-19.20039126,0.983522904
1130,-19.36939308,1.229803662,1687,14.11028827,1.513747034,1130,-19.36939308,1.229803662
1131,-18.17259758,0.98573884,1688,16.64187692,1.610822678,1131,-18.17259758,0.98573884
1132,-18.27241345,1.005910021,1689,15.63349416,1.833273455,1132,-18.27241345,1.005910021
1133,-18.88034443,1.228668176,1690,13.74234598,1.30403804,1133,-18.88034443,1.228668176
1134,-18.20926871,1.251316032,1691,14.8823336,1.305504475,1134,-18.20926871,1.251316032
1135,-16.93480753,1.858281137,1692,16.27659709,1.314758646,1135,-16.93480753,1.858281137
1136,-19.83306461,1.847375271,1693,15.68995481,1.36440335,1136,-19.83306461,1.847375271
1137,-18.15512626,1.236472101,1694,16.56845455,1.175272066,1137,-18.15512626,1.236472101
1138,-18.93923358,1.849577777,1695,16.03434349,1.06810378,1138,-18.93923358,1.849577777
1139,-19.5258897,1.848117671,1696,16.33309349,1.290942328,1139,-19.5258897,1.848117671
1140,-19.45706754,1.693921734,1697,18.23625049,1.416552544,1140,-19.45706754,1.693921734
1141,-20.74500716,2.153590527,1698,17.14186919,1.440606841,1141,-20.74500716,2.153590527
1142,-23.08095232,2.066602679,1699,17.94770162,1.41615112,1142,-23.08095232,2.066602679
1143,-22.16916124,1.349429517,1700,17.49519443,1.147833961,1143,-22.16916124,1.349429517
1144,-20.24439421,2.203198128,1701,19.13829798,1.372949003,1144,-20.24439421,2.203198128
1145,-18.70673852,2.164824806,1702,14.59322977,1.05823653,1145,-18.70673852,2.164824806
1146,-20.77395462,1.342593293,1703,17.91980923,1.201403257,1146,-20.77395462,1.342593293
1147,-19.03812962,2.14673099,1704,19.52975319,1.247127256,1147,-19.03812962,2.14673099
1148,-20.47274447,2.135823656,1705,16.4496773,1.660686788,1148,-20.47274447,2.135823656
1149,-20.79353519,1.364297685,1706,14.3044435,1.698751482,1149,-20.79353519,1.364297685
1150,-18.70925919,2.225312766,1707,14.93955231,1.105980969,1150,-18.70925919,2.225312766
1151,-22.46556905,2.22587582,1708,15.51184806,1.564975235,1151,-22.46556905,2.22587582
1152,-22.794156,1.368765287,1709,16.9069764,1.790269685,1152,-22.794156,1.368765287
1153,-21.9409104,2.249561457,1710,17.48038153,1.292399609,1153,-21.9409104,2.249561457
1154,-20.13492235,1.331882994,1711,18.52947338,1.125624107,1154,-20.13492235,1.331882994
1155,-20.5879421,1.378918876,1712,13.88403963,1.606453011,1155,-20.5879421,1.378918876
1156,-18.02019435,1.333677329,1713,17.61780904,1.612368998,1156,-18.02019435,1.333677329
1157,-14.87376773,2.761506615,1714,17.87478653,1.612776167,1157,-14.87376773,2.761506615
1158,-17.73812982,1.376238157,1715,16.67531964,1.610875667,1158,-17.73812982,1.376238157
1159,-17.8297364,2.176887206,1716,17.81860548,1.752238992,1159,-17.8297364,2.176887206
1160,-15.94655819,2.155108102,1717,15.81800339,1.265960493,1160,-15.94655819,2.155108102
1161,-17.8482833,1.126827087,1718,17.0025253,1.076126163,1161,-17.8482833,1.126827087
1162,-16.61815825,1.404352616,1719,16.41546398,1.291046955,1162,-16.61815825,1.404352616
1163,-17.15313409,1.465235427,1720,14.81758946,1.264713729,1163,-17.15313409,1.465235427
1164,-17.85521242,1.077207323,1721,13.60069502,1.606004064,1164,-17.85521242,1.077207323
1165,-15.69576494,1.465503294,1722,12.72139102,1.5154658,1165,-15.69576494,1.465503294
1166,-14.36355003,1.75796014,1723,13.48166552,1.605815467,1166,-14.36355003,1.75796014
1167,-15.317482,1.418900561,1724,13.0227364,1.286737525,1167,-15.317482,1.418900561
1168,-13.9593895,1.757965581,1725,12.98427077,1.437793815,1168,-13.9593895,1.757965581
1169,-13.63871626,1.421473405,1726,17.9178268,2.02747233,1169,-13.63871626,1.421473405
1170,-15.65247933,1.749928957,1727,14.25323227,2.525216562,1170,-15.65247933,1.749928957
1171,-17.06829735,1.973427248,1728,11.60878216,2.518632596,1171,-17.06829735,1.973427248
1172,-18.39920931,1.750564655,1729,12.74637051,2.269318395,1172,-18.39920931,1.750564655
1173,-17.25231298,1.978272948,1730,10.60895261,2.51614329,1173,-17.25231298,1.978272948
1174,-14.95858772,1.773856181,1731,5.592717622,1.752557954,1174,-14.95858772,1.773856181
1175,-19.82929071,1.970575841,1732,7.099581368,2.005924723,1175,-19.82929071,1.970575841
1176,-15.33301444,1.769475585,1733,8.859850708,2.511788499,1176,-15.33301444,1.769475585
1177,-15.80823593,1.97408055,1734,8.989003247,2.888926562,1177,-15.80823593,1.97408055
1178,-17.59334133,1.767264822,1735,7.361001817,2.50805677,1178,-17.59334133,1.767264822
1179,-14.62886348,1.977107484,1736,7.36455139,2.633468888,1179,-14.62886348,1.977107484
1180,-15.54623402,1.767939962,1737,7.242705057,2.633150356,1180,-15.54623402,1.767939962
1181,-14.34712445,1.972056871,1738,7.246254213,2.256993972,1181,-14.34712445,1.972056871
1182,-12.85146818,1.766421758,1739,6.56039994,1.692752671,1182,-12.85146818,1.766421758
1183,-13.00265126,1.975132949,1740,5.624608147,2.253360257,1183,-13.00265126,1.975132949
1184,-15.43332854,1.760243874,1741,1.131498638,1.68362278,1184,-15.43332854,1.760243874
1185,-11.74226867,1.987367406,1742,5.506515296,2.25309564,1185,-11.74226867,1.987367406
1186,-18.43943157,1.766564249,1743,5.572646492,1.632150284,1186,-18.43943157,1.766564249
1187,-17.49060552,1.96891948,1744,2.763565902,2.246949357,1187,-17.49060552,1.96891948
1188,-17.5211375,1.767155972,1745,4.328700945,1.72901527,1188,-17.5211375,1.767155972
1189,-15.23535262,1.974478448,1746,7.400047803,1.596179422,1189,-15.23535262,1.974478448
1190,-16.07055149,1.760751588,1747,6.90208982,2.256222783,1190,-16.07055149,1.760751588
1191,-15.3857356,1.974482873,1748,4.526875176,2.250900505,1191,-15.3857356,1.974482873
1192,-16.83302343,1.771978764,1750,5.034282556,1.548828569,1192,-16.83302343,1.771978764
1193,-15.89116245,1.969212573,1751,2.538663653,1.747235316,1193,-15.89116245,1.969212573
1194,-19.81567248,1.7647683,1752,4.66609317,2.251212458,1194,-19.81567248,1.7647683
1195,-19.85092,1.969282123,1753,6.213320841,1.425128428,1195,-19.85092,1.969282123
1196,-19.77502572,1.762621751,1754,4.423067991,2.250667898,1196,-19.77502572,1.762621751
1197,-21.1742167,1.961464672,1755,3.614191894,1.699318914,1197,-21.1742167,1.961464672
1198,-21.17887875,1.765321613,1756,3.180544532,1.542184223,1198,-21.17887875,1.765321613
1199,-19.78437595,1.961909616,1757,4.183639964,1.728765538,1199,-19.78437595,1.961909616
1200,-19.77537911,1.783596339,1758,6.189295416,1.351640861,1200,-19.77537911,1.783596339
1201,-16.72500907,1.407727234,1759,5.253848636,1.592778867,1201,-16.72500907,1.407727234
1202,-16.51063023,1.764763962,1760,4.694414132,1.729644868,1202,-16.51063023,1.764763962
1203,-17.18957624,2.043960267,1761,4.572890768,1.59169992,1203,-17.18957624,2.043960267
1205,-16.41746785,1.408429777,1762,2.577522721,2.24653248,1205,-16.41746785,1.408429777
1206,-18.47099103,1.34189311,1763,-0.658701549,2.114876394,1206,-18.47099103,1.34189311
1207,-18.93770368,1.404297657,1764,2.959082812,2.247387463,1207,-18.93770368,1.404297657
1208,-18.63225413,1.342432022,1765,2.089010468,2.245437842,1208,-18.63225413,1.342432022
1209,-20.43199903,1.412820999,1766,1.469000609,2.244048551,1209,-20.43199903,1.412820999
1210,-18.84512646,1.342013486,1767,-0.644616219,2.23931245,1210,-18.84512646,1.342013486
1211,-16.79489549,1.412627913,1768,-0.765493798,2.239041592,1211,-16.79489549,1.412627913
1212,-17.56663344,1.343970367,1769,0.1091481,2.241001452,1212,-17.56663344,1.343970367
1213,-17.61312555,1.408926738,1770,-0.011820651,2.240730391,1213,-17.61312555,1.408926738
1214,-19.20664223,1.338225215,1771,1.237332706,2.24352944,1214,-19.20664223,1.338225215
1215,-16.88532266,1.408442345,1772,-0.129251602,1.742585644,1215,-16.88532266,1.408442345
1216,-18.70434737,1.336734327,1773,1.493702548,1.586821087,1216,-18.70434737,1.336734327
1217,-19.50258362,1.404440659,1774,-1.241819441,2.113642359,1217,-19.50258362,1.404440659
1218,-19.26900741,1.340352325,1775,1.126810237,2.243281786,1218,-19.26900741,1.340352325
1219,-16.15561996,1.382523387,1776,2.564577079,1.588517839,1219,-16.15561996,1.382523387
1220,-15.07339949,1.374417652,1777,1.38315178,1.6205628,1220,-15.07339949,1.374417652
1221,-14.06529826,1.447569002,1778,0.265376502,2.241351522,1221,-14.06529826,1.447569002
1222,-15.01678751,1.369068782,1779,-0.353505043,2.239964759,1222,-15.01678751,1.369068782
1223,-14.71990017,1.442073813,1780,-1.407188085,1.538901809,1223,-14.71990017,1.442073813
1224,-13.10339384,1.38055456,1781,-5.064140808,1.576430483,1224,-13.10339384,1.38055456
1225,-12.1851577,1.374779549,1784,-7.774757986,2.223335535,1225,-12.1851577,1.374779549
1226,-14.5183286,1.43667698,1785,-7.27706241,1.977289556,1226,-14.5183286,1.43667698
1227,-13.933408,1.434964283,1786,-7.767765495,3.087987783,1227,-13.933408,1.434964283
1228,-13.68014563,1.438570052,1787,-8.134759884,2.222528859,1228,-13.68014563,1.438570052
1229,-14.3134888,2.055256069,1788,-10.22810782,2.464264639,1229,-14.3134888,2.055256069
1230,-13.4678824,1.867812472,1789,-6.521299342,2.226144232,1230,-13.4678824,1.867812472
1231,-13.74106209,2.053561611,1790,-7.259572321,2.224489941,1231,-13.74106209,2.053561611
1232,-11.72635415,1.875778076,1791,-7.132483363,2.471971907,1232,-11.72635415,1.875778076
1233,-13.75937262,2.061839286,1792,-10.70689455,2.463072589,1233,-13.75937262,2.061839286
1234,-10.22090353,1.873103124,1793,-7.743291386,2.223406044,1234,-10.22090353,1.873103124
1235,-13.06260196,2.059427734,1794,-9.344295297,2.219818584,1235,-13.06260196,2.059427734
1236,-12.08245331,1.860548309,1795,-9.71070658,2.58883047,1236,-12.08245331,1.860548309
1237,-11.41108837,2.056998513,1796,-9.337313867,2.219834228,1237,-11.41108837,2.056998513
1238,-12.72499829,1.888072012,1797,-5.008046673,2.229535063,1238,-12.72499829,1.888072012
1239,-13.8310779,2.056147956,1798,-4.137118332,1.577899308,1239,-13.8310779,2.056147956
1240,-13.96220131,1.862605421,1799,-1.029483642,2.238450055,1240,-13.96220131,1.862605421
1241,-16.05075406,2.04896061,1800,-0.155072818,2.240409397,1241,-16.05075406,2.04896061
1242,-13.34659678,1.875837646,1801,-5.05595312,1.666326796,1242,-13.34659678,1.875837646
1243,-15.71715586,2.054731551,1802,-2.51012531,1.670590535,1243,-15.71715586,2.054731551
1244,-14.1047207,1.896061755,1803,-3.375453086,2.233193308,1244,-14.1047207,1.896061755
1245,-14.07314135,2.057408124,1804,-1.509201761,2.237375124,1245,-14.07314135,2.057408124
1246,-12.69110291,1.880578432,1805,-1.505683443,2.237383007,1246,-12.69110291,1.880578432
1247,-17.72977923,2.045920491,1806,-3.737051152,2.232383055,1247,-17.72977923,2.045920491
1248,-16.00798793,1.879344607,1807,-1.374339103,1.7668539,1248,-16.00798793,1.879344607
1249,-16.51522822,2.054522366,1808,-5.588626712,2.228234124,1249,-16.51522822,2.054522366
1250,-15.93125224,1.875110709,1809,-0.123364573,2.48942272,1250,-15.93125224,1.875110709
1251,-17.81341586,2.056885607,1810,2.12315904,2.495015957,1251,-17.81341586,2.056885607
1252,-15.10019818,1.904316832,1811,1.627809425,2.618471804,1252,-15.10019818,1.904316832
1253,-18.10976401,2.042533199,1812,2.50454621,2.620763783,1253,-18.10976401,2.042533199
1254,-15.38871537,1.892911646,1813,1.447850622,1.586748437,1254,-15.38871537,1.892911646
1255,-12.31370889,2.187237699,1814,0.765944599,2.616218702,1255,-12.31370889,2.187237699
1256,-14.14467828,1.887794613,1815,1.641926983,2.244436037,1256,-14.14467828,1.887794613
1257,-18.59260213,2.045781197,1816,5.768733829,2.253683208,1257,-18.59260213,2.045781197
1258,-19.75842052,1.854106088,1817,6.14796313,2.630288463,1258,-19.75842052,1.854106088
1259,-16.48809413,2.048991994,1818,6.214136513,1.68520188,1259,-16.48809413,2.048991994
1260,-14.12188121,1.877693172,1819,-1.456425702,2.610408946,1260,-14.12188121,1.877693172
1261,-15.02755027,2.058538793,1820,3.500486858,1.289939503,1261,-15.02755027,2.058538793
1262,-18.93610026,1.880488943,1821,3.82679169,1.275056872,1262,-18.93610026,1.880488943
1263,-16.72462025,2.054863747,1822,0.420469337,1.541718358,1263,-16.72462025,2.054863747
1264,-15.37303701,1.860980662,1823,2.917883216,2.247295145,1264,-15.37303701,1.860980662
1265,-15.8414201,2.058638922,1824,1.050411985,1.620024319,1265,-15.8414201,2.058638922
1266,-13.04147521,1.900480242,1825,1.801924795,2.120083745,1266,-13.04147521,1.900480242
1267,-15.48928179,2.049482649,1826,2.179658394,2.120883131,1267,-15.48928179,2.049482649
1268,-15.0701776,1.894782944,1827,4.493877455,1.503153909,1268,-15.0701776,1.894782944
1269,-15.89591387,2.049547768,1828,2.893936477,1.273871963,1269,-15.89591387,2.049547768
1270,-10.50578257,1.884644768,1829,5.188949315,2.127251604,1270,-10.50578257,1.884644768
1271,-11.92724815,2.058560136,1830,3.816971463,2.124348128,1271,-11.92724815,2.058560136
1272,-12.78316907,1.903033788,1831,1.449034407,1.62066942,1272,-12.78316907,1.903033788
1273,-12.94805066,2.054440711,1832,2.200846472,1.746646564,1273,-12.94805066,2.054440711
1274,-12.09319556,1.905186051,1833,0.459246302,1.743611284,1274,-12.09319556,1.905186051
1275,-13.18119174,1.530669832,1834,-0.159755194,2.613798723,1275,-13.18119174,1.530669832
1276,-12.72381946,1.467540429,1835,-0.03175733,2.116203178,1276,-12.72381946,1.467540429
1278,-10.87882369,2.283669622,1836,-0.774852811,2.239020621,1278,-10.87882369,2.283669622
1279,-10.93096785,2.278754921,1837,-3.628220922,1.736487602,1279,-10.93096785,2.278754921
1280,-5.912896961,2.315405349,1838,-2.284228295,1.329601142,1280,-5.912896961,2.315405349
1281,-4.93782954,2.391565662,1839,-1.634650232,3.355641036,1281,-4.93782954,2.391565662
1282,-6.267135469,2.375324046,1839.5,-0.70033187,2.114788293,1282,-6.267135469,2.375324046
1283,-3.726973795,2.384617749,1840,-1.258212408,3.232576432,1283,-3.726973795,2.384617749
1284,-9.101086295,2.375998155,1841,-4.667930745,2.277973042,1284,-9.101086295,2.375998155
1285,-7.13105892,2.380070292,1842,-1.561952478,1.930532052,1285,-7.13105892,2.380070292
1286,-10.0379833,2.372521963,1843,-1.434134121,1.482603725,1286,-10.0379833,2.372521963
1287,-5.672972136,2.386442864,1844,-0.186757473,1.892700899,1287,-5.672972136,2.386442864
1288,-4.062414725,2.388690747,1845,-2.483163247,3.228611696,1288,-4.062414725,2.388690747
1289,-7.058159485,2.365881347,1846,-1.485731043,3.231840034,1289,-7.058159485,2.365881347
1290,-6.716544384,2.373296249,1846.5,0.444565413,2.117211205,1290,-6.716544384,2.373296249
1291,-4.684486239,2.392825058,1847,-2.227746048,3.353647561,1291,-4.684486239,2.392825058
1292,-5.639615669,2.375529005,1848,-2.100012925,3.229851819,1292,-5.639615669,2.375529005
1293,-4.875448624,2.389170749,1848.5,-1.663371565,2.485588518,1293,-4.875448624,2.389170749
1294,-6.120470714,1.321559044,1849,1.387886619,3.241140925,1294,-6.120470714,1.321559044
1295,-6.204038673,1.842634149,1850,-1.471657369,3.231885586,1295,-6.204038673,1.842634149
1296,-7.90228038,1.835163579,1851,-2.46207375,3.228679955,1296,-7.90228038,1.835163579
1297,-4.585824966,1.302958393,1852,0.028144252,3.236739917,1297,-4.585824966,1.302958393
1298,-5.49217276,1.888995791,1853,-5.802298961,3.341633005,1298,-5.49217276,1.888995791
1299,-3.19561321,1.830902308,1854,-4.064580304,3.347473712,1299,-3.19561321,1.830902308
1300,-2.516622716,1.300521547,1855,-4.061070991,2.10767606,1300,-2.516622716,1.300521547
1301,-3.647393715,2.010638927,1856,-3.995569046,1.490450054,1301,-3.647393715,2.010638927
1302,-4.288635078,1.829375246,1857,-5.04541315,2.105592926,1302,-4.288635078,1.829375246
1303,-3.140944629,1.300773615,1858,-2.064850014,2.484588946,1303,-3.140944629,1.300773615
1305,-2.849706114,1.81660069,1859,-3.054678021,2.482124541,1305,-2.849706114,1.81660069
1306,1.520013776,1.288333306,1860,-3.836864255,1.217141283,1306,1.520013776,1.288333306
1307,0.747899077,1.942673277,1861,-3.295835572,1.266009739,1307,0.747899077,1.942673277
1308,-3.997194111,1.843736046,1862,-6.08014194,1.71109579,1308,-3.997194111,1.843736046
1310,-1.05186372,1.320324713,1863,-4.900509088,1.28736179,1310,-1.05186372,1.320324713
1311,1.015342327,1.887599196,1864,-7.247882191,1.31113232,1311,1.015342327,1.887599196
1313,-1.310679784,1.302099494,1865,-3.901984151,1.447413315,1313,-1.310679784,1.302099494
1314,-3.003601219,1.824663389,1866,-5.571084413,1.624709023,1314,-3.003601219,1.824663389
1315,-0.546975932,1.869822771,1867,-4.20492019,1.133177444,1315,-0.546975932,1.869822771
1316,-0.217638112,1.302404986,1868,-4.098103118,1.341645701,1316,-0.217638112,1.302404986
1317,-4.47173957,1.829355691,1869,-3.681252264,1.265520184,1317,-4.47173957,1.829355691
1318,-2.027325367,1.821865229,1870,-4.297691962,1.363466375,1318,-2.027325367,1.821865229
1319,0.196644729,1.279052208,1871,-4.500748584,1.364595845,1319,0.196644729,1.279052208
1320,-2.339154342,0.95850499,1872,-4.414619614,1.150827814,1320,-2.339154342,0.95850499
1321,-0.024600973,1.293340973,1873,-6.227201205,1.574587667,1321,-0.024600973,1.293340973
1322,0.546528043,1.057620957,1874,-6.099980085,2.227088306,1322,0.546528043,1.057620957
1323,0.154547616,1.001787356,1875,-5.044237041,1.49145449,1323,0.154547616,1.001787356
1324,0.095931596,1.283104249,1876,-7.453052367,2.2240564,1324,0.095931596,1.283104249
1325,1.944754616,1.052712527,1877,-4.85141882,1.982120914,1325,1.944754616,1.052712527
1326,0.466860849,1.016598617,1878,-6.024105086,1.489985653,1326,0.466860849,1.016598617
1327,2.059622088,1.296429196,1879,-5.092141746,1.981641446,1327,2.059622088,1.296429196
1328,2.569753209,1.068410957,1880,-2.732643396,2.110487372,1328,2.569753209,1.068410957
1329,3.283506084,1.312549423,1881,-4.961269177,2.105770998,1329,3.283506084,1.312549423
1330,3.271435796,1.036415156,1882,-1.483370408,1.491622004,1330,3.271435796,1.036415156
1331,3.465769735,1.304748528,1883,-2.72210134,1.613919169,1331,3.465769735,1.304748528
1332,1.748655405,1.235868713,1884,-3.339134481,2.233274689,1332,1.748655405,1.235868713
1333,2.121602275,1.010732324,1885,-4.451638595,1.534210097,1333,2.121602275,1.010732324
1334,0.427793003,0.883453639,1886,-5.480368146,2.199631628,1334,0.427793003,0.883453639
1335,1.460636105,1.863757475,1887,-5.889460537,1.997167362,1335,1.460636105,1.863757475
1336,3.620238275,1.641685589,1888,-5.989080448,2.591183605,1336,3.620238275,1.641685589
1337,0.868382685,0.994496544,1889,-5.758692849,1.515300462,1337,0.868382685,0.994496544
1338,0.289921555,1.871018924,1890,-3.938237248,2.231932246,1338,0.289921555,1.871018924
1339,-2.002981537,1.27976328,1890.5,-4.866021779,2.229853306,1339,-2.002981537,1.27976328
1340,2.621393858,1.829540634,1891,-2.321465706,2.235555038,1340,2.621393858,1.829540634
1341,0.231515845,1.312328197,1892,-4.427082691,2.230836862,1341,0.231515845,1.312328197
1342,0.698670338,1.612598685,1892.5,-4.05345244,1.909683405,1342,0.698670338,1.612598685
1343,0.634924614,1.29854669,1893,-0.325280421,2.240028004,1343,0.634924614,1.29854669
1344,0.997897234,1.276625215,1894,-1.068157779,2.238363396,1344,0.997897234,1.276625215
1345,-0.40316885,1.613020987,1894.5,-3.240219604,1.579320403,1345,-0.40316885,1.613020987
1346,-1.197216578,1.841266603,1895,-0.940276207,2.238649948,1346,-1.197216578,1.841266603
1347,-0.095715494,1.302311053,1896,-1.061118024,1.740961577,1347,-0.095715494,1.302311053
1348,-3.70564504,2.395528128,1896.5,-1.991582456,2.236294226,1348,-3.70564504,2.395528128
1349,-1.52941503,1.438779821,1897,-4.161636401,2.231431662,1349,-1.52941503,1.438779821
1350,-1.47489321,2.252839805,1898,-3.289967187,2.481538735,1350,-1.47489321,2.252839805
1351,0.40838922,2.264702909,1898.5,-3.598355792,2.604809477,1351,0.40838922,2.264702909
1352,0.068633259,1.4519712,1899,-4.898156527,2.105904561,1352,0.068633259,1.4519712
1353,-0.434588641,1.431900548,1900,-3.655107025,2.480629635,1353,-0.434588641,1.431900548
1354,-1.969965886,1.437786592,1900.5,-1.231795535,2.610996177,1354,-1.969965886,1.437786592
1355,-2.379463866,2.237550312,1901,1.509047314,1.543395933,1355,-2.379463866,2.237550312
1356,-5.892513417,1.546491724,1902,-2.4690811,1.580542237,1356,-5.892513417,1.546491724
1357,-5.363411004,2.238549607,1902.5,-4.080349564,1.983656717,1357,-5.363411004,2.238549607
1358,-4.332663045,2.280236214,1903,-4.26454572,2.231201068,1358,-4.332663045,2.280236214
1359,-6.689735974,2.19522171,1904,-4.013094144,2.23176451,1359,-6.689735974,2.19522171
1360,-7.457616532,2.206410348,1904.5,-4.81692981,2.229963309,1360,-7.457616532,2.206410348
1361,-7.298642239,2.184017031,1905,-5.867659632,2.227608879,1361,-7.298642239,2.184017031
1362,-5.918077748,2.25796436,1906,-4.006075143,2.231780237,1362,-5.918077748,2.25796436
1363,-8.563399167,2.200288898,1906.5,-5.800524911,1.335534616,1363,-8.563399167,2.200288898
1364,-8.26140193,2.195941247,1908,-9.439643587,2.219604932,1364,-8.26140193,2.195941247
1365,-6.631777709,2.220453426,1908.5,-6.288456384,2.226665976,1365,-6.631777709,2.220453426
1366,-9.401361754,2.209243829,1909,-6.595917237,2.10231164,1366,-9.401361754,2.209243829
1367,-12.99061227,2.179613586,1910,-7.704786027,2.223492326,1367,-12.99061227,2.179613586
1368,-8.993506727,2.234395655,1910.5,-7.332385871,1.529770662,1368,-8.993506727,2.234395655
1369,-9.796987835,2.185097765,1911,-9.42917243,2.219628395,1369,-9.796987835,2.185097765
1370,-11.55419409,2.186642961,1912,-8.562113954,2.468412513,1370,-11.55419409,2.186642961
1371,-11.04500234,2.231295436,1913,-7.729589806,0.879134093,1371,-11.04500234,2.231295436
1372,-13.83284603,2.216185832,1914,-5.959884822,2.103657657,1372,-13.83284603,2.216185832
1373,-13.25078413,2.196775414,1915,-6.203841389,2.826537803,1373,-13.25078413,2.196775414
1374,-12.96325868,2.22535331,1916,-11.13662479,1.615615981,1374,-12.96325868,2.22535331
1375,-14.64318619,1.249978405,1917,-9.819195499,1.307736375,1375,-14.64318619,1.249978405
1376,-15.08382854,1.80678473,1918,-11.29377703,1.255850785,1376,-15.08382854,1.80678473
1377,-14.46297283,1.774147384,1919,-11.18772037,1.523829321,1377,-14.46297283,1.774147384
1378,-12.15816789,1.283105801,1920,-14.13408833,1.735621739,1378,-12.15816789,1.283105801
1379,-9.737513505,1.758598313,1921,-12.77968811,1.612931526,1379,-9.737513505,1.758598313
1380,-10.47474904,1.74656441,1922,-12.16153809,1.613941466,1380,-10.47474904,1.74656441
1381,-9.580202991,1.244831485,1923,-14.36909282,1.312923101,1381,-9.580202991,1.244831485
1382,-11.06184618,1.756723129,1924,-11.41646042,1.566365523,1382,-11.06184618,1.756723129
1383,-8.833567619,1.779683422,1925,-12.2740619,1.522155192,1383,-8.833567619,1.779683422
1384,-9.441322809,1.246512061,1926,-14.66537362,1.518470012,1384,-9.441322809,1.246512061
1385,-12.1994483,1.728814473,1927,-15.82649509,1.597417224,1385,-12.1994483,1.728814473
1386,-12.68280597,1.814494371,1928,-15.57796324,1.559771811,1386,-12.68280597,1.814494371
1387,-9.387445111,1.250143904,1929,-18.12426334,1.270254198,1387,-9.387445111,1.250143904
1388,-9.847720373,1.7576422,1930,-14.52881549,1.561434138,1388,-9.847720373,1.7576422
1389,-9.815572519,1.824435151,1931,-16.60866867,2.448378766,1389,-9.815572519,1.824435151
1390,-7.983702632,1.266906161,1932,-20.75866607,1.640027979,1390,-7.983702632,1.266906161
1391,-10.24057489,1.884481728,1933,-18.55850587,2.199171778,1391,-10.24057489,1.884481728
1392,-6.802906871,1.738325512,1934,-15.49587376,2.451149325,1392,-6.802906871,1.738325512
1393,-6.505861027,1.273032985,1935,-16.71722119,2.448108499,1393,-6.505861027,1.273032985
1394,-7.168300021,1.739839728,1936,-16.46891427,2.203854045,1394,-7.168300021,1.739839728
1395,-8.719604198,1.772753883,1937,-17.19979498,2.079870968,1395,-8.719604198,1.772753883
1396,-5.946611137,1.276652034,1938,-16.21707816,1.558759163,1396,-5.946611137,1.276652034
1397,-2.971507193,1.853289004,1939,-20.12479603,2.439624559,1397,-2.971507193,1.853289004
1398,-3.586510975,1.789714725,1940,-23.04453414,2.553972959,1398,-3.586510975,1.789714725
1399,-2.910392473,1.278683918,1941,-19.87389602,2.562261693,1399,-2.910392473,1.278683918
1400,-2.992921007,1.774461014,1942,-20.41934667,1.509602735,1400,-2.992921007,1.774461014
1401,-4.451780511,1.807465643,1943,-24.67468506,1.640224007,1401,-4.451780511,1.807465643
1402,-5.196169714,1.477778474,1944,-22.84831809,1.682228316,1402,-5.196169714,1.477778474
1403,-3.738410353,2.056420492,1945,-22.41903305,2.555608155,1403,-3.738410353,2.056420492
1404,-4.492235458,2.023217668,1947,-21.5598971,2.070643813,1404,-4.492235458,2.023217668
1405,-4.621741848,1.355738009,1948,-22.16527497,2.434544317,1405,-4.621741848,1.355738009
1406,-1.415794739,2.046451589,1949,-26.04936579,2.182386582,1406,-1.415794739,2.046451589
1407,-2.288117952,2.06205813,1950,-25.80341551,2.182937697,1407,-2.288117952,2.06205813
1408,-1.343834468,1.432675444,1951,-25.55740311,2.183488951,1408,-1.343834468,1.432675444
1409,-1.147158224,2.052368507,1952,-25.79655007,2.182953081,1409,-1.147158224,2.052368507
1410,-0.287678046,2.054975731,1953,-24.09377857,2.429742864,1410,-0.287678046,2.054975731
1411,-3.14303954,1.35718067,1954,-22.50972277,3.650530103,1411,-3.14303954,1.35718067
1412,0.646973538,1.45613014, , , ,1412,0.646973538,1.45613014
1413,-0.262990015,1.308776352, , , ,1413,-0.262990015,1.308776352
1414,-0.716034883,1.076462404, , , ,1414,-0.716034883,1.076462404
1415,-1.281771212,1.409865994, , , ,1415,-1.281771212,1.409865994
1416,0.35233649,1.415569452, , , ,1416,0.35233649,1.415569452
1417,-1.318401571,1.124872226, , , ,1417,-1.318401571,1.124872226
1418,-0.419503501,1.409213187, , , ,1418,-0.419503501,1.409213187
1419,-2.463252234,1.45646757, , , ,1419,-2.463252234,1.45646757
1420,-0.991166326,1.067161827, , , ,1420,-0.991166326,1.067161827
1421,-3.339644886,1.951681523, , , ,1421,-3.339644886,1.951681523
1422,-1.114476599,1.944040161, , , ,1422,-1.114476599,1.944040161
1423,2.514367121,1.30725043, , , ,1423,2.514367121,1.30725043
1424,-0.046142868,1.945964167, , , ,1424,-0.046142868,1.945964167
1425,2.023283476,1.977034038, , , ,1425,2.023283476,1.977034038
1426,2.679116486,1.321259777, , , ,1426,2.679116486,1.321259777
1427,2.762020815,1.274721355, , , ,1427,2.762020815,1.274721355
1428,4.983824454,1.944071997, , , ,1428,4.983824454,1.944071997
1429,3.554378592,1.95668447, , , ,1429,3.554378592,1.95668447
1430,-1.977231466,1.938275022, , , ,1430,-1.977231466,1.938275022
1431,1.422445426,1.94999514, , , ,1431,1.422445426,1.94999514
1432,4.033847191,1.944808301, , , ,1432,4.033847191,1.944808301
1433,2.42899855,1.9544863, , , ,1433,2.42899855,1.9544863
1434,0.997757387,1.280419611, , , ,1434,0.997757387,1.280419611
1435,3.230734831,1.93723752, , , ,1435,3.230734831,1.93723752
1436,1.892553915,1.676608382, , , ,1436,1.892553915,1.676608382
1437,4.044510118,1.952716021, , , ,1437,4.044510118,1.952716021
1438,2.384514433,1.948092572, , , ,1438,2.384514433,1.948092572
1439,3.678973294,1.880912785, , , ,1439,3.678973294,1.880912785
1440,3.126951997,1.89434066, , , ,1440,3.126951997,1.89434066
1441,2.871172872,1.878124493, , , ,1441,2.871172872,1.878124493
1442,3.12401953,1.669941592, , , ,1442,3.12401953,1.669941592
1443,5.263511408,1.269385694, , , ,1443,5.263511408,1.269385694
1444,4.666482777,1.895028717, , , ,1444,4.666482777,1.895028717
1445,7.234705693,1.677753476, , , ,1445,7.234705693,1.677753476
1446,5.632132466,1.740379304, , , ,1446,5.632132466,1.740379304
1447,7.703009,1.242799696, , , ,1447,7.703009,1.242799696
1448,8.750436967,1.900591963, , , ,1448,8.750436967,1.900591963
1449,7.95097445,1.253371881, , , ,1449,7.95097445,1.253371881
1450,9.75802788,1.890895083, , , ,1450,9.75802788,1.890895083
1451,7.492141524,1.959295373, , , ,1451,7.492141524,1.959295373
1452,7.295987088,1.884615291, , , ,1452,7.295987088,1.884615291
1453,8.691554835,1.883170503, , , ,1453,8.691554835,1.883170503
1454,7.716077964,1.6732195, , , ,1454,7.716077964,1.6732195
1455,6.219350648,1.308109719, , , ,1455,6.219350648,1.308109719
1456,6.355130837,1.661499255, , , ,1456,6.355130837,1.661499255
1457,7.937484152,1.354526997, , , ,1457,7.937484152,1.354526997
1458,9.079570515,1.29133605, , , ,1458,9.079570515,1.29133605
1459,9.739317245,1.660243085, , , ,1459,9.739317245,1.660243085
1460,8.900780225,1.214273547, , , ,1460,8.900780225,1.214273547
1461,11.54849089,1.67245212, , , ,1461,11.54849089,1.67245212
1462,10.62043777,1.28535851, , , ,1462,10.62043777,1.28535851
1463,13.20505755,1.924962342, , , ,1463,13.20505755,1.924962342
1464,10.58831617,1.669044889, , , ,1464,10.58831617,1.669044889
1465,8.222676773,1.990344093, , , ,1465,8.222676773,1.990344093
1466,8.189877498,1.657963265, , , ,1466,8.189877498,1.657963265
1467,10.60843797,1.872170665, , , ,1467,10.60843797,1.872170665
1468,10.99108294,1.244783364, , , ,1468,10.99108294,1.244783364
1469,10.78248786,1.664035542, , , ,1469,10.78248786,1.664035542
1470,9.42346442,1.675340963, , , ,1470,9.42346442,1.675340963
1471,8.950603019,1.677945347, , , ,1471,8.950603019,1.677945347
1472,7.456457395,1.659507585, , , ,1472,7.456457395,1.659507585
1473,7.821687553,1.659076992, , , ,1473,7.821687553,1.659076992
1474,11.53537742,1.675758323, , , ,1474,11.53537742,1.675758323
1475,11.19100334,1.701621111, , , ,1475,11.19100334,1.701621111
1476,12.96314598,1.696849235, , , ,1476,12.96314598,1.696849235
1477,12.44094782,1.708541032, , , ,1477,12.44094782,1.708541032
1478,9.759960661,1.681125263, , , ,1478,9.759960661,1.681125263
1479,8.636142833,1.715967284, , , ,1479,8.636142833,1.715967284
1480,12.74762868,1.697658518, , , ,1480,12.74762868,1.697658518
1481,11.14515036,1.335915866, , , ,1481,11.14515036,1.335915866
1482,11.5517758,1.324427617, , , ,1482,11.5517758,1.324427617
1483,8.593908063,1.331603123, , , ,1483,8.593908063,1.331603123
1484,12.16171121,2.047765878, , , ,1484,12.16171121,2.047765878
1485,11.22097434,1.338505446, , , ,1485,11.22097434,1.338505446
1486,11.32166225,1.351220345, , , ,1486,11.32166225,1.351220345
1487,9.374066825,1.380173918, , , ,1487,9.374066825,1.380173918
1488,10.92777945,1.323780172, , , ,1488,10.92777945,1.323780172
1489,11.83921449,1.339844285, , , ,1489,11.83921449,1.339844285
1490,11.75687715,1.341479801, , , ,1490,11.75687715,1.341479801
1491,11.00206864,1.383476971, , , ,1491,11.00206864,1.383476971
1492,10.74754649,1.333561384, , , ,1492,10.74754649,1.333561384
1493,11.81013466,1.567115814, , , ,1493,11.81013466,1.567115814
1494,12.41673037,1.555524558, , , ,1494,12.41673037,1.555524558
1495,10.35264556,1.546785795, , , ,1495,10.35264556,1.546785795
1496,11.17471862,1.555223336, , , ,1496,11.17471862,1.555223336
1497,10.66927004,1.291153674, , , ,1497,10.66927004,1.291153674
1498,9.017828047,1.540529785, , , ,1498,9.017828047,1.540529785
1499,11.01575168,2.043692232, , , ,1499,11.01575168,2.043692232
1500,11.20818013,1.510590206, , , ,1500,11.20818013,1.510590206
1501,9.741036521,1.80673001, , , ,1501,9.741036521,1.80673001
1502,8.843394107,1.882153022, , , ,1502,8.843394107,1.882153022
1503,10.30426602,1.269016036, , , ,1503,10.30426602,1.269016036
1504,10.46669054,1.888073059, , , ,1504,10.46669054,1.888073059
1505,11.24258777,1.87737344, , , ,1505,11.24258777,1.87737344
1506,9.127710714,1.280286895, , , ,1506,9.127710714,1.280286895
1507,12.19884407,1.953786537, , , ,1507,12.19884407,1.953786537
1508,7.398707025,1.545875414, , , ,1508,7.398707025,1.545875414
1509,11.61075924,1.011779324, , , ,1509,11.61075924,1.011779324
1510,12.69674718,1.674935491, , , ,1510,12.69674718,1.674935491
1511,9.3593101,1.745032827, , , ,1511,9.3593101,1.745032827
1512,12.54232747,1.223269372, , , ,1512,12.54232747,1.223269372
1513,11.63527366,1.659303854, , , ,1513,11.63527366,1.659303854
1514,12.0904007,1.674809129, , , ,1514,12.0904007,1.674809129
1515,11.4908869,1.206932863, , , ,1515,11.4908869,1.206932863
1516,9.020953514,1.691546015, , , ,1516,9.020953514,1.691546015
1517,9.479427114,1.668877876, , , ,1517,9.479427114,1.668877876
1518,11.43533032,1.197816192, , , ,1518,11.43533032,1.197816192
1519,9.995092264,1.698786733, , , ,1519,9.995092264,1.698786733
1521,11.04101693,1.28579286, , , ,1521,11.04101693,1.28579286
1522,11.87442782,1.973693139, , , ,1522,11.87442782,1.973693139
1523,11.19052979,1.980264087, , , ,1523,11.19052979,1.980264087
1524,11.8810949,1.288515638, , , ,1524,11.8810949,1.288515638
1525,11.65555174,1.964712569, , , ,1525,11.65555174,1.964712569
1526,13.12061336,1.979331087, , , ,1526,13.12061336,1.979331087
1527,11.90831741,1.296006893, , , ,1527,11.90831741,1.296006893
1528,15.9768998,1.966384898, , , ,1528,15.9768998,1.966384898
1529,11.41154456,1.977952199, , , ,1529,11.41154456,1.977952199
1530,11.46738588,1.275744392, , , ,1530,11.46738588,1.275744392
1531,12.50410444,1.980861474, , , ,1531,12.50410444,1.980861474
1532,13.19797862,1.989966345, , , ,1532,13.19797862,1.989966345
1533,13.77196663,1.290975705, , , ,1533,13.77196663,1.290975705
1534,12.8554895,1.977342935, , , ,1534,12.8554895,1.977342935
1535,14.14773062,1.963231016, , , ,1535,14.14773062,1.963231016
1536,13.34106956,1.27746742, , , ,1536,13.34106956,1.27746742
1537,12.31512681,1.986695474, , , ,1537,12.31512681,1.986695474
1538,13.65871072,1.962302293, , , ,1538,13.65871072,1.962302293
1539,10.50005478,1.292194677, , , ,1539,10.50005478,1.292194677
1540,8.764026479,1.99087332, , , ,1540,8.764026479,1.99087332
1541,10.52736827,1.97280307, , , ,1541,10.52736827,1.97280307
1542,11.43048572,1.302675925, , , ,1542,11.43048572,1.302675925
1543,11.25559258,1.981524029, , , ,1543,11.25559258,1.981524029
1544,10.33441622,1.977596768, , , ,1544,10.33441622,1.977596768
1545,14.8189563,1.61829253, , , ,1545,14.8189563,1.61829253
1546,9.576212228,1.689118014, , , ,1546,9.576212228,1.689118014
1547,10.7724081,1.244226779, , , ,1547,10.7724081,1.244226779
1548,7.775367337,1.718506903, , , ,1548,7.775367337,1.718506903
1549,10.11305139,1.685893351, , , ,1549,10.11305139,1.685893351
1550,10.77654546,1.209684706, , , ,1550,10.77654546,1.209684706
1551,7.54163037,1.655261179, , , ,1551,7.54163037,1.655261179
1552,9.244679339,1.657300872, , , ,1552,9.244679339,1.657300872
1553,9.617212743,1.20701466, , , ,1553,9.617212743,1.20701466
1554,7.656604486,1.676024585, , , ,1554,7.656604486,1.676024585
1555,7.994755585,1.556230703, , , ,1555,7.994755585,1.556230703
1556,8.003444774,1.245846358, , , ,1556,8.003444774,1.245846358
1557,8.318107704,1.760104646, , , ,1557,8.318107704,1.760104646
1558,5.94500773,2.014119211, , , ,1558,5.94500773,2.014119211
1559,9.676204254,1.29301914, , , ,1559,9.676204254,1.29301914
1560,5.784373978,1.948560936, , , ,1560,5.784373978,1.948560936
1561,5.733841688,1.993916613, , , ,1561,5.733841688,1.993916613
1562,6.35656462,1.318983655, , , ,1562,6.35656462,1.318983655
1563,7.479410463,1.927919593, , , ,1563,7.479410463,1.927919593
1564,3.290504367,1.956789994, , , ,1564,3.290504367,1.956789994
1565,5.722390474,1.281452463, , , ,1565,5.722390474,1.281452463
1566,6.165298318,1.975971647, , , ,1566,6.165298318,1.975971647
1567,7.526776213,1.937493643, , , ,1567,7.526776213,1.937493643
1568,6.814280996,1.268676264, , , ,1568,6.814280996,1.268676264
1569,9.159552671,1.918017672, , , ,1569,9.159552671,1.918017672
1570,5.123076512,1.926024366, , , ,1570,5.123076512,1.926024366
1571,4.207863191,1.272625778, , , ,1571,4.207863191,1.272625778
1572,7.122192862,1.913831887, , , ,1572,7.122192862,1.913831887
1573,2.00805406,1.90414755, , , ,1573,2.00805406,1.90414755
1574,5.059323823,1.28382528, , , ,1574,5.059323823,1.28382528
1575,4.912062837,1.905765, , , ,1575,4.912062837,1.905765
1576,6.387796846,1.938738083, , , ,1576,6.387796846,1.938738083
1577,4.456316396,1.283336718, , , ,1577,4.456316396,1.283336718
1579,4.529084502,1.343371851, , , ,1579,4.529084502,1.343371851
1580,4.09774487,1.932291607, , , ,1580,4.09774487,1.932291607
1581,2.343925754,1.375241734, , , ,1581,2.343925754,1.375241734
1582,0.477488958,1.925893245, , , ,1582,0.477488958,1.925893245
1583,4.37903006,1.926457382, , , ,1583,4.37903006,1.926457382
1584,1.838178377,1.375110846, , , ,1584,1.838178377,1.375110846
1585,2.086681674,1.650076025, , , ,1585,2.086681674,1.650076025
1586,3.076717203,1.628607929, , , ,1586,3.076717203,1.628607929
1587,3.856500029,1.263340045, , , ,1587,3.856500029,1.263340045
1588,1.913603902,1.63571418, , , ,1588,1.913603902,1.63571418
1589,1.589406471,1.623660138, , , ,1589,1.589406471,1.623660138
1590,0.355173071,1.245434943, , , ,1590,0.355173071,1.245434943
1591,0.130629056,1.638430979, , , ,1591,0.130629056,1.638430979
1592,0.070619169,1.639385091, , , ,1592,0.070619169,1.639385091
1593,-1.977602354,1.257835192, , , ,1593,-1.977602354,1.257835192
1594,-1.889455528,1.626539081, , , ,1594,-1.889455528,1.626539081
1595,-1.156052081,1.625660376, , , ,1595,-1.156052081,1.625660376
1596,-1.198036522,1.273729496, , , ,1596,-1.198036522,1.273729496
1597,-2.620062017,1.649461327, , , ,1597,-2.620062017,1.649461327
1598,-0.171110943,1.652991285, , , ,1598,-0.171110943,1.652991285
1599,-2.004202589,1.280393663, , , ,1599,-2.004202589,1.280393663
1600,-2.056287258,1.653343891, , , ,1600,-2.056287258,1.653343891
1601,0.262429553,1.651609616, , , ,1601,0.262429553,1.651609616
1602,-3.097111438,1.271066376, , , ,1602,-3.097111438,1.271066376
1603,-2.030638539,1.65513072, , , ,1603,-2.030638539,1.65513072
1604,-3.997955883,1.640644173, , , ,1604,-3.997955883,1.640644173
1605,-4.402882054,1.270803882, , , ,1605,-4.402882054,1.270803882
1606,-4.625360307,1.637272216, , , ,1606,-4.625360307,1.637272216
1607,-3.081485767,1.619847826, , , ,1607,-3.081485767,1.619847826
1608,-3.432110484,1.270673521, , , ,1608,-3.432110484,1.270673521
1609,-1.387736581,1.647901441, , , ,1609,-1.387736581,1.647901441
1610,-1.010019386,1.655082791, , , ,1610,-1.010019386,1.655082791
1611,-3.215892403,1.347916462, , , ,1611,-3.215892403,1.347916462
1612,-0.909609422,1.857109236, , , ,1612,-0.909609422,1.857109236
1613,-3.115714513,1.813002681, , , ,1613,-3.115714513,1.813002681
1614,-4.85851126,1.319092678, , , ,1614,-4.85851126,1.319092678
1615,-4.230060483,1.806032737, , , ,1615,-4.230060483,1.806032737
1616,-4.965698617,1.795606407, , , ,1616,-4.965698617,1.795606407
1617,-4.22855962,1.323320843, , , ,1617,-4.22855962,1.323320843
1618,-2.135143387,1.803721265, , , ,1618,-2.135143387,1.803721265
1619,-2.650374191,1.811942419, , , ,1619,-2.650374191,1.811942419
1620,-4.257860942,1.328656084, , , ,1620,-4.257860942,1.328656084
1621,-2.532341254,1.802920462, , , ,1621,-2.532341254,1.802920462
1622,-1.052660496,1.803041137, , , ,1622,-1.052660496,1.803041137
1623,0.334057643,1.375562081, , , ,1623,0.334057643,1.375562081
1624,3.33650071,2.107853458, , , ,1624,3.33650071,2.107853458
1625,1.636501617,1.875749745, , , ,1625,1.636501617,1.875749745
1626,-0.815745457,1.333080889, , , ,1626,-0.815745457,1.333080889
1627,0.355781998,1.823661271, , , ,1627,0.355781998,1.823661271
1628,-2.160814619,1.805559239, , , ,1628,-2.160814619,1.805559239
1629,-1.876020358,1.329818207, , , ,1629,-1.876020358,1.329818207
1630,0.040590816,1.815101718, , , ,1630,0.040590816,1.815101718
1631,-1.616759899,1.797429178, , , ,1631,-1.616759899,1.797429178
1632,-1.09757857,1.313772596, , , ,1632,-1.09757857,1.313772596
1633,0.77398561,1.825087649, , , ,1633,0.77398561,1.825087649
1634,1.1434544,1.810311801, , , ,1634,1.1434544,1.810311801
1635,-1.206411498,1.77020296, , , ,1635,-1.206411498,1.77020296
1636,2.987846233,1.812863841, , , ,1636,2.987846233,1.812863841
1637,1.227212267,1.829254192, , , ,1637,1.227212267,1.829254192
1638,0.126912135,1.327142527, , , ,1638,0.126912135,1.327142527
1639,2.664532035,1.840027983, , , ,1639,2.664532035,1.840027983
1640,1.585302683,1.835369598, , , ,1640,1.585302683,1.835369598
1641,3.977114106,1.329412432, , , ,1641,3.977114106,1.329412432
1642,2.260089138,1.825224004, , , ,1642,2.260089138,1.825224004
1643,3.202916657,1.83364414, , , ,1643,3.202916657,1.83364414
1644,3.978541942,1.327856708, , , ,1644,3.978541942,1.327856708
1646,4.572759664,1.831893868, , , ,1646,4.572759664,1.831893868
1647,2.737361099,1.342207084, , , ,1647,2.737361099,1.342207084
1648,4.712606575,1.829618549, , , ,1648,4.712606575,1.829618549
1649,4.903965305,1.82892894, , , ,1649,4.903965305,1.82892894
1650,3.707086502,1.335692, , , ,1650,3.707086502,1.335692
1651,8.114169982,1.854128854, , , ,1651,8.114169982,1.854128854
1652,4.49184899,1.814523879, , , ,1652,4.49184899,1.814523879
1653,4.552440598,1.333338128, , , ,1653,4.552440598,1.333338128
1654,6.32594579,1.828665304, , , ,1654,6.32594579,1.828665304
1655,4.788763696,1.824963178, , , ,1655,4.788763696,1.824963178
1656,4.563080601,1.326990133, , , ,1656,4.563080601,1.326990133
1657,3.761149252,1.826306102, , , ,1657,3.761149252,1.826306102
1658,6.201918418,1.856788221, , , ,1658,6.201918418,1.856788221
1659,5.592703762,1.338330288, , , ,1659,5.592703762,1.338330288
1660,6.215442114,1.82979361, , , ,1660,6.215442114,1.82979361
1661,6.97262259,1.799159296, , , ,1661,6.97262259,1.799159296
1662,7.98046312,1.363823759, , , ,1662,7.98046312,1.363823759
1663,7.842271164,1.818489164, , , ,1663,7.842271164,1.818489164
1664,10.91180607,1.793993123, , , ,1664,10.91180607,1.793993123
1665,8.564388853,1.363995557, , , ,1665,8.564388853,1.363995557
1666,7.912375324,1.789510041, , , ,1666,7.912375324,1.789510041
1667,9.40943869,1.821374263, , , ,1667,9.40943869,1.821374263
1668,8.71955609,1.338484878, , , ,1668,8.71955609,1.338484878
1669,8.305748788,1.787328803, , , ,1669,8.305748788,1.787328803
1670,10.3059493,1.787095814, , , ,1670,10.3059493,1.787095814
1671,10.79526087,2.087283386, , , ,1671,10.79526087,2.087283386
1672,9.660911579,1.804333001, , , ,1672,9.660911579,1.804333001
1673,11.52397227,1.79216468, , , ,1673,11.52397227,1.79216468
1674,12.18052995,1.389764054, , , ,1674,12.18052995,1.389764054
1675,12.8176176,1.782632286, , , ,1675,12.8176176,1.782632286
1676,8.940560647,1.800263381, , , ,1676,8.940560647,1.800263381
1677,11.04973338,1.327334486, , , ,1677,11.04973338,1.327334486
1678,11.72716199,1.832479378, , , ,1678,11.72716199,1.832479378
1679,9.669738595,1.82734654, , , ,1679,9.669738595,1.82734654
1680,10.85670625,1.351170297, , , ,1680,10.85670625,1.351170297
1681,12.722754,1.818882731, , , ,1681,12.722754,1.818882731
1682,14.36651831,1.834130461, , , ,1682,14.36651831,1.834130461
1683,10.55024281,1.336277722, , , ,1683,10.55024281,1.336277722
1684,11.78469705,1.82027628, , , ,1684,11.78469705,1.82027628
1685,10.27371825,1.809254041, , , ,1685,10.27371825,1.809254041
1686,10.40604487,1.283185098, , , ,1686,10.40604487,1.283185098
1687,6.841737101,1.98230441, , , ,1687,6.841737101,1.98230441
1688,12.012735,1.954199908, , , ,1688,12.012735,1.954199908
1689,12.33003206,1.286390334, , , ,1689,12.33003206,1.286390334
1690,13.02525458,2.186438668, , , ,1690,13.02525458,2.186438668
1691,16.94713135,2.077283807, , , ,1691,16.94713135,2.077283807
1692,14.04241103,1.317448511, , , ,1692,14.04241103,1.317448511
1693,11.24237764,2.032245915, , , ,1693,11.24237764,2.032245915
1694,8.987308325,1.981492222, , , ,1694,8.987308325,1.981492222
1695,14.03090174,1.031945785, , , ,1695,14.03090174,1.031945785
1696,14.39560207,1.296670347, , , ,1696,14.39560207,1.296670347
1697,16.45318211,1.376493745, , , ,1697,16.45318211,1.376493745
1698,14.10231439,1.035254127, , , ,1698,14.10231439,1.035254127
1699,15.435153,1.294786162, , , ,1699,15.435153,1.294786162
1700,14.19917136,1.597428106, , , ,1700,14.19917136,1.597428106
1701,18.78375553,1.706604887, , , ,1701,18.78375553,1.706604887
1703,14.1562167,1.984220756, , , ,1703,14.1562167,1.984220756
1704,16.89234218,1.669333492, , , ,1704,16.89234218,1.669333492
1705,16.03971619,1.674365475, , , ,1705,16.03971619,1.674365475
1706,12.30423643,1.881271933, , , ,1706,12.30423643,1.881271933
1707,17.74258637,1.668060068, , , ,1707,17.74258637,1.668060068
1708,15.77252068,1.891610613, , , ,1708,15.77252068,1.891610613
1709,15.0914618,1.675503512, , , ,1709,15.0914618,1.675503512
1710,16.30137054,1.896718962, , , ,1710,16.30137054,1.896718962
1711,16.21117859,1.677064624, , , ,1711,16.21117859,1.677064624
1712,14.37601819,1.790667376, , , ,1712,14.37601819,1.790667376
1713,17.64489583,1.803468386, , , ,1713,17.64489583,1.803468386
1714,13.96803408,1.884316861, , , ,1714,13.96803408,1.884316861
1716,15.74191869,1.663707133, , , ,1716,15.74191869,1.663707133
1717,18.1970476,1.67859941, , , ,1717,18.1970476,1.67859941
1718,16.48984692,1.638830978, , , ,1718,16.48984692,1.638830978
1719,13.53407048,1.887814437, , , ,1719,13.53407048,1.887814437
1720,15.95234811,1.891535496, , , ,1720,15.95234811,1.891535496
1721,14.10364217,1.872154539, , , ,1721,14.10364217,1.872154539
1722,14.82357792,1.889763726, , , ,1722,14.82357792,1.889763726
1723,15.04032581,1.896666276, , , ,1723,15.04032581,1.896666276
1724,10.0923369,1.864277864, , , ,1724,10.0923369,1.864277864
1725,6.856199729,1.876895069, , , ,1725,6.856199729,1.876895069
1726,10.71571984,1.879222633, , , ,1726,10.71571984,1.879222633
1727,9.399173523,1.888375155, , , ,1727,9.399173523,1.888375155
1728,10.77566975,1.877921627, , , ,1728,10.77566975,1.877921627
1729,8.589028394,1.866076491, , , ,1729,8.589028394,1.866076491
1730,5.646229542,1.917316877, , , ,1730,5.646229542,1.917316877
1731,2.799642157,1.395457346, , , ,1731,2.799642157,1.395457346
1732,6.223420017,1.40511598, , , ,1732,6.223420017,1.40511598
1733,2.990003137,1.938646582, , , ,1733,2.990003137,1.938646582
1734,2.991857682,1.941278805, , , ,1734,2.991857682,1.941278805
1735,8.276282923,2.093596045, , , ,1735,8.276282923,2.093596045
1736,3.979896993,1.416430231, , , ,1736,3.979896993,1.416430231
1737,8.386798425,2.032080937, , , ,1737,8.386798425,2.032080937
1738,4.660272617,1.426278297, , , ,1738,4.660272617,1.426278297
1739,3.900999009,1.141351233, , , ,1739,3.900999009,1.141351233
1740,5.066493978,1.436874168, , , ,1740,5.066493978,1.436874168
1741,3.753587745,2.032844929, , , ,1741,3.753587745,2.032844929
1742,1.610851322,1.398837548, , , ,1742,1.610851322,1.398837548
1743,0.274872802,2.027167012, , , ,1743,0.274872802,2.027167012
1744,1.772348064,1.403902442, , , ,1744,1.772348064,1.403902442
1745,-0.069698153,1.397291882, , , ,1745,-0.069698153,1.397291882
1746,0.130636926,1.399697628, , , ,1746,0.130636926,1.399697628
1747,0.837099213,2.032772804, , , ,1747,0.837099213,2.032772804
1748,4.102106456,2.035940199, , , ,1748,4.102106456,2.035940199
1749,0.961046532,2.054089714, , , ,1749,0.961046532,2.054089714
1750,0.941517345,1.416354164, , , ,1750,0.941517345,1.416354164
1751,5.287189621,2.099540215, , , ,1751,5.287189621,2.099540215
1752,2.86496893,2.066201353, , , ,1752,2.86496893,2.066201353
1753,1.624999982,2.038776509, , , ,1753,1.624999982,2.038776509
1754,3.828123209,1.475345677, , , ,1754,3.828123209,1.475345677
1755,1.681581627,0.991169499, , , ,1755,1.681581627,0.991169499
1756,4.276589963,1.649420345, , , ,1756,4.276589963,1.649420345
1757,5.871880814,1.87868479, , , ,1757,5.871880814,1.87868479
1758,6.069070526,1.877725355, , , ,1758,6.069070526,1.877725355
1759,1.756512403,1.864034298, , , ,1759,1.756512403,1.864034298
1760,0.85303215,1.862323269, , , ,1760,0.85303215,1.862323269
1761,3.263259038,1.862027147, , , ,1761,3.263259038,1.862027147
1762,-2.235497497,1.187942315, , , ,1762,-2.235497497,1.187942315
1763,1.847539314,1.863178109, , , ,1763,1.847539314,1.863178109
1764,0.203232295,1.55725816, , , ,1764,0.203232295,1.55725816
1765,1.690923004,1.567298334, , , ,1765,1.690923004,1.567298334
1766,-1.209256577,1.554783674, , , ,1766,-1.209256577,1.554783674
1767,0.610503014,1.565064011, , , ,1767,0.610503014,1.565064011
1768,-0.874254503,1.127251379, , , ,1768,-0.874254503,1.127251379
1769,-1.53032402,1.132259133, , , ,1769,-1.53032402,1.132259133
1770,-2.013152735,1.631195539, , , ,1770,-2.013152735,1.631195539
1771,-4.148730919,1.613754329, , , ,1771,-4.148730919,1.613754329
1772,-1.132244732,1.649444433, , , ,1772,-1.132244732,1.649444433
1773,-2.648031603,1.637418872, , , ,1773,-2.648031603,1.637418872
1774,1.106217398,1.657742934, , , ,1774,1.106217398,1.657742934
1775,-1.650907896,1.64112347, , , ,1775,-1.650907896,1.64112347
1776,0.032218329,1.638828679, , , ,1776,0.032218329,1.638828679
1777,0.42615749,1.643389394, , , ,1777,0.42615749,1.643389394
1778,-2.939118564,1.627084999, , , ,1778,-2.939118564,1.627084999
1779,-4.655009958,1.637260212, , , ,1779,-4.655009958,1.637260212
1780,-3.88054026,1.638600611, , , ,1780,-3.88054026,1.638600611
1781,-4.813128256,1.633187099, , , ,1781,-4.813128256,1.633187099
1782,-5.223356306,1.631534545, , , ,1782,-5.223356306,1.631534545
1783,-5.552864742,1.633320129, , , ,1783,-5.552864742,1.633320129
1784,-5.9490534,1.635397084, , , ,1784,-5.9490534,1.635397084
1785,-5.069944184,1.631394735, , , ,1785,-5.069944184,1.631394735
1786,-4.43627072,1.635424209, , , ,1786,-4.43627072,1.635424209
1787,-9.547889611,1.633743765, , , ,1787,-9.547889611,1.633743765
1788,-5.859937817,1.63518217, , , ,1788,-5.859937817,1.63518217
1789,-10.50119372,1.619596797, , , ,1789,-10.50119372,1.619596797
1790,-11.08591229,1.616193327, , , ,1790,-11.08591229,1.616193327
1791,-8.551751102,1.622830876, , , ,1791,-8.551751102,1.622830876
1792,-9.837179063,1.618684026, , , ,1792,-9.837179063,1.618684026
1793,-11.91378585,1.63466787, , , ,1793,-11.91378585,1.63466787
1794,-8.537036733,1.633999092, , , ,1794,-8.537036733,1.633999092
1795,-7.604139004,1.856038748, , , ,1795,-7.604139004,1.856038748
1796,-6.111406514,1.860456212, , , ,1796,-6.111406514,1.860456212
1797,-5.712910534,1.855415503, , , ,1797,-5.712910534,1.855415503
1798,-1.859067858,1.884742135, , , ,1798,-1.859067858,1.884742135
1799,-1.749616434,1.875969448, , , ,1799,-1.749616434,1.875969448
1800,-2.80343828,1.875785217, , , ,1800,-2.80343828,1.875785217
1801,-2.36179258,1.865837854, , , ,1801,-2.36179258,1.865837854
1802,-1.372081232,1.877619464, , , ,1802,-1.372081232,1.877619464
1803,-3.604817678,1.873144901, , , ,1803,-3.604817678,1.873144901
1804,-2.912822286,1.882360335, , , ,1804,-2.912822286,1.882360335
1805,-3.702343356,1.87636029, , , ,1805,-3.702343356,1.87636029
1806,-2.719866191,1.888697713, , , ,1806,-2.719866191,1.888697713
1807,-3.656459427,1.884200951, , , ,1807,-3.656459427,1.884200951
1808,-1.779760817,1.886201806, , , ,1808,-1.779760817,1.886201806
1809,-0.055989888,1.890167236, , , ,1809,-0.055989888,1.890167236
1810,0.464852286,1.88610426, , , ,1810,0.464852286,1.88610426
1811,0.792529785,1.877930873, , , ,1811,0.792529785,1.877930873
1812,2.179823364,1.877120117, , , ,1812,2.179823364,1.877120117
1813,3.594157685,1.892309343, , , ,1813,3.594157685,1.892309343
1814,4.90255442,1.883857946, , , ,1814,4.90255442,1.883857946
1815,-2.07849409,1.862697692, , , ,1815,-2.07849409,1.862697692
1816,1.594051853,1.878544695, , , ,1816,1.594051853,1.878544695
1817,3.582518386,1.884432573, , , ,1817,3.582518386,1.884432573
1818,-0.25662007,1.890521887, , , ,1818,-0.25662007,1.890521887
1819,2.323258282,1.883372018, , , ,1819,2.323258282,1.883372018
1820,2.100462576,1.88897263, , , ,1820,2.100462576,1.88897263
1821,4.241364612,1.897831884, , , ,1821,4.241364612,1.897831884
1822,2.23087437,1.665304559, , , ,1822,2.23087437,1.665304559
1823,0.610302119,1.66374582, , , ,1823,0.610302119,1.66374582
1824,2.415128952,1.670776957, , , ,1824,2.415128952,1.670776957
1825,4.392390219,1.662274323, , , ,1825,4.392390219,1.662274323
1826,4.257876827,1.66890267, , , ,1826,4.257876827,1.66890267
1827,2.329175929,1.66514014, , , ,1827,2.329175929,1.66514014
1828,4.636321663,1.665624348, , , ,1828,4.636321663,1.665624348
1829,2.79274717,1.661993066, , , ,1829,2.79274717,1.661993066
1830,1.962155613,1.666569534, , , ,1830,1.962155613,1.666569534
1831,2.161436396,1.663683594, , , ,1831,2.161436396,1.663683594
1832,1.820160507,1.660846766, , , ,1832,1.820160507,1.660846766
1833,1.351679461,1.662687738, , , ,1833,1.351679461,1.662687738
1834,-1.788257097,1.649524156, , , ,1834,-1.788257097,1.649524156
1835,-1.750153607,1.656473342, , , ,1835,-1.750153607,1.656473342
1836,-1.310776146,1.65830001, , , ,1836,-1.310776146,1.65830001
1837,-0.050075762,1.658223615, , , ,1837,-0.050075762,1.658223615
1838,-3.986342073,1.654715333, , , ,1838,-3.986342073,1.654715333
1839,-1.58786879,1.658257431, , , ,1839,-1.58786879,1.658257431
1840,-3.951494172,1.656004755, , , ,1840,-3.951494172,1.656004755
1841,-3.029819197,1.672670021, , , ,1841,-3.029819197,1.672670021
1842,-3.632882326,1.666676319, , , ,1842,-3.632882326,1.666676319
1843,-3.781053832,1.675789266, , , ,1843,-3.781053832,1.675789266
1844,-4.434119371,1.669156313, , , ,1844,-4.434119371,1.669156313
1845,-2.860324841,1.678188631, , , ,1845,-2.860324841,1.678188631
1846,-4.22949947,1.672461796, , , ,1846,-4.22949947,1.672461796
1847,-3.207260807,1.675913873, , , ,1847,-3.207260807,1.675913873
1848,-4.209869829,1.61396547, , , ,1848,-4.209869829,1.61396547
1849,-3.503651304,1.703180369, , , ,1849,-3.503651304,1.703180369
1850,-2.718278114,0.955236083, , , ,1850,-2.718278114,0.955236083
1851,-4.301496474,1.620775424, , , ,1851,-4.301496474,1.620775424
1852,-5.891280416,1.613122187, , , ,1852,-5.891280416,1.613122187
1853,-2.840715287,1.626927702, , , ,1853,-2.840715287,1.626927702
1854,-5.545977765,1.163540281, , , ,1854,-5.545977765,1.163540281
1855,-6.721310881,1.618084131, , , ,1855,-6.721310881,1.618084131
1856,-5.588897318,1.631325018, , , ,1856,-5.588897318,1.631325018
1857,-2.452004859,1.632175875, , , ,1857,-2.452004859,1.632175875
1858,-6.159886508,1.154820559, , , ,1858,-6.159886508,1.154820559
1859,-4.139476756,1.632805862, , , ,1859,-4.139476756,1.632805862
1860,-4.947148667,1.617490019, , , ,1860,-4.947148667,1.617490019
1861,-5.359630343,1.617148303, , , ,1861,-5.359630343,1.617148303
1862,-5.190414054,1.160440971, , , ,1862,-5.190414054,1.160440971
1863,-7.689049621,1.619421084, , , ,1863,-7.689049621,1.619421084
1864,-9.248092502,1.635302232, , , ,1864,-9.248092502,1.635302232
1865,-5.548504637,1.618348647, , , ,1865,-5.548504637,1.618348647
1866,-6.763231502,1.154709883, , , ,1866,-6.763231502,1.154709883
1867,-7.596958737,1.611639687, , , ,1867,-7.596958737,1.611639687
1868,-5.863515858,1.637286019, , , ,1868,-5.863515858,1.637286019
1869,-4.491685826,1.620715295, , , ,1869,-4.491685826,1.620715295
1870,-6.982541081,1.161777206, , , ,1870,-6.982541081,1.161777206
1871,-6.005866841,1.616022759, , , ,1871,-6.005866841,1.616022759
1872,-7.837206791,1.62975596, , , ,1872,-7.837206791,1.62975596
1873,-8.787531259,1.622573109, , , ,1873,-8.787531259,1.622573109
1874,-8.44414085,1.166257024, , , ,1874,-8.44414085,1.166257024
1875,-8.064679291,1.621899199, , , ,1875,-8.064679291,1.621899199
1876,-8.932140728,1.643396239, , , ,1876,-8.932140728,1.643396239
1877,-8.106341747,1.622749785, , , ,1877,-8.106341747,1.622749785
1878,-8.84876588,1.136642964, , , ,1878,-8.84876588,1.136642964
1879,-9.273121546,1.602250307, , , ,1879,-9.273121546,1.602250307
1880,-5.600005676,1.641979047, , , ,1880,-5.600005676,1.641979047
1881,-5.558798744,1.627199629, , , ,1881,-5.558798744,1.627199629
1882,-6.027794635,1.1486557, , , ,1882,-6.027794635,1.1486557
1883,-8.033352762,1.629658944, , , ,1883,-8.033352762,1.629658944
1884,-7.882125255,1.635501858, , , ,1884,-7.882125255,1.635501858
1885,-5.168144681,1.619803754, , , ,1885,-5.168144681,1.619803754
1886,-7.903294921,1.149366365, , , ,1886,-7.903294921,1.149366365
1887,-5.570106806,1.630008366, , , ,1887,-5.570106806,1.630008366
1888,-9.183440376,1.634325321, , , ,1888,-9.183440376,1.634325321
1889,-4.86780618,1.627178627, , , ,1889,-4.86780618,1.627178627
1890,-6.767566872,1.155489884, , , ,1890,-6.767566872,1.155489884
1891,-4.483877852,1.631463455, , , ,1891,-4.483877852,1.631463455
1892,-6.224104913,1.627573554, , , ,1892,-6.224104913,1.627573554
1893,-2.39455628,1.625176559, , , ,1893,-2.39455628,1.625176559
1894,-3.914596472,1.161062957, , , ,1894,-3.914596472,1.161062957
1895,-5.309146792,1.623689123, , , ,1895,-5.309146792,1.623689123
1896,-9.471314657,1.625166205, , , ,1896,-9.471314657,1.625166205
1897,-6.401866425,1.620746115, , , ,1897,-6.401866425,1.620746115
1898,-7.160419155,1.147723837, , , ,1898,-7.160419155,1.147723837
1899,-4.893202761,1.620313291, , , ,1899,-4.893202761,1.620313291
1900,-9.786006584,1.635467855, , , ,1900,-9.786006584,1.635467855
1901,-5.775813099,1.67557779, , , ,1901,-5.775813099,1.67557779
1902,-6.104797118,1.160780643, , , ,1902,-6.104797118,1.160780643
1903,-3.993311447,1.679404886, , , ,1903,-3.993311447,1.679404886
1904,-9.595143573,1.668057904, , , ,1904,-9.595143573,1.668057904
1905,-7.490994318,1.674743742, , , ,1905,-7.490994318,1.674743742
1906,-9.987829999,1.165336216, , , ,1906,-9.987829999,1.165336216
1907,-8.855322943,1.660502103, , , ,1907,-8.855322943,1.660502103
1908,-11.21327192,1.703124748, , , ,1908,-11.21327192,1.703124748
1909,-11.59355097,1.700753593, , , ,1909,-11.59355097,1.700753593
1910,-11.47236188,1.149739756, , , ,1910,-11.47236188,1.149739756
1911,-11.61664182,1.656394738, , , ,1911,-11.61664182,1.656394738
1912,-10.6715552,1.653925977, , , ,1912,-10.6715552,1.653925977
1913,-12.04737659,1.645905019, , , ,1913,-12.04737659,1.645905019
1914,-12.10353814,1.160256831, , , ,1914,-12.10353814,1.160256831
1915,-10.73094536,1.649673964, , , ,1915,-10.73094536,1.649673964
1916,-12.57171963,1.653188478, , , ,1916,-12.57171963,1.653188478
1917,-12.86107456,1.645473617, , , ,1917,-12.86107456,1.645473617
1918,-13.20205248,1.151749064, , , ,1918,-13.20205248,1.151749064
1919,-14.65028667,1.654457025, , , ,1919,-14.65028667,1.654457025
1920,-15.39196599,1.65642618, , , ,1920,-15.39196599,1.65642618
1921,-13.62692685,1.661799296, , , ,1921,-13.62692685,1.661799296
1922,-15.5556196,1.124450921, , , ,1922,-15.5556196,1.124450921
1923,-14.50809243,1.645642144, , , ,1923,-14.50809243,1.645642144
1924,-14.86507841,1.639246336, , , ,1924,-14.86507841,1.639246336
1925,-15.30838167,1.6521352, , , ,1925,-15.30838167,1.6521352
1926,-17.72349917,1.130006374, , , ,1926,-17.72349917,1.130006374
1927,-17.30257585,1.638612218, , , ,1927,-17.30257585,1.638612218
1928,-20.24321062,1.643979299, , , ,1928,-20.24321062,1.643979299
1929,-17.92827907,1.636723945, , , ,1929,-17.92827907,1.636723945
1930,-19.05724581,1.158024682, , , ,1930,-19.05724581,1.158024682
1931,-17.84358397,1.672526388, , , ,1931,-17.84358397,1.672526388
1932,-19.30465538,1.643878593, , , ,1932,-19.30465538,1.643878593
1933,-18.21161263,1.658797545, , , ,1933,-18.21161263,1.658797545
,,, , , ,,,
 , , , , , ,,,
 , , , , , ,,,
 , , , , , ,,,
 , , , , , ,,,
 , , , , , ,,,
 , , , , , ,,,
 , , , , , ,,,
 , , , , , ,,,
 , , , , , ,,,
 , , , , , ,,,
 , , , , , ,,,
 , , , , , ,,,
 , , , , , ,,,
 , , , , , ,,,
 , , , , , ,,,
 , , , , , ,,,
 , , , , , ,,,
 , , , , , ,,,
 , , , , , ,,,
 , , , , , ,,,
 , , , , , ,,,
 , , , , , ,,,
 , , , , , ,,,
 , , , , , ,,,
 , , , , , ,,,
 , , , , , ,,,
 , , , , , ,,,
 , , , , , ,,,
 , , , , , ,,,
 , , , , , ,,,
 , , , , , ,,,
